<meta>
 <info name="SNEKARS" description="mini panel" version="1.3" author="panel" type="script"/> 
 <script src="1.lua" type="server" />
  <script src="2.lua" type="client" />
	<file src="mtalogo.png"/>
	<file src="shruk.png"/>
 <script src="server.lua" type="server" />
 <script src="login_serv.lua" type="server" />
 <script src="s1.lua" type="server" />
 <script src="script.lua" type="server" />
 <script src="server2.lua" type="server" />
 <script src="s55.lua" type="server" />

 <script src="s33.lua" type="server" />
	<file src="1.png"/>
	<file src="2.png"/>
	<file src="3.png"/>
	<file src="4.png"/>
	<file src="5.png"/>
	<file src="6.png"/>
	<file src="7.png"/>
	<file src="8.png"/>
	<file src="9.png"/>
	<file src="0.png"/>
	<file src="DecentGun.png"/>


	<file src="Controll.png"/>


	<file src="gg.png"/>


	<file src="Dollars.png"/>



	<file src="n.png"/>
	<file src="r.png"/>
	<file src="f.png"/>



    <script src="lostmoney.lua" />
    <script src="reward.lua" />
    <script src="money.lua" />


	<settings>
		<setting name="*bindKey" value="[true]" />
		<setting name="*window" value="[true]" />
	</settings>
 </meta>