<meta>
	<info author="Socialz" name="Basic Roleplay | Vehicles" type="script"></info>
	
	<!-- Scripts -->
	<script src="s_shop.lua" type="server"></script>
	<script src="s_fuel.lua" type="server"></script>
	<script src="s_vehicles.lua" type="server"></script>
	<script src="c_vehicles.lua" type="client"></script>
	<script src="speedometer/defaultSettings.lua" type="client"></script>
	<script src="speedometer/Settings.lua" type="client"></script>
	<script src="speedometer/util.lua" type="client"></script>
	<script src="speedometer/Draw.lua" type="client"></script>
	<script src="speedometer/xml.lua" type="client"></script>
	<script src="speedometer/odometer.lua" type="client"></script>
	<script src="speedometer/client.lua" type="client"></script>
	
	<!-- Files -->
	<map src="vehicles.map"></map>
	<file src="siren.wav"></file>
	<file src="speedometer/vehicles.xml"></file>
	<file src="speedometer/bg.png"></file>
	<file src="speedometer/border.png"></file>
	<file src="speedometer/center.png"></file>
</meta>