<Ammunition>
    <Ammunition sName="Colt 45" sID="22" sPrice="3" sData="Handguns" bAddOrNot="true" ></Ammunition>
    <Ammunition sName="Silenced" sID="23" sPrice="10" sData="Handguns" bAddOrNot="true" ></Ammunition>
    <Ammunition sName="Deagle" sID="24" sPrice="15" sData="Handguns" bAddOrNot="true" ></Ammunition>
	
    <Ammunition sName="Shotgun" sID="25" sPrice="15" sData="Shotguns" bAddOrNot="true" ></Ammunition>
    <Ammunition sName="Sawed-off" sID="26" sPrice="20" sData="Shotguns" bAddOrNot="true" ></Ammunition>
    <Ammunition sName="combat shotgun" sID="27" sPrice="20" sData="Shotguns" bAddOrNot="true" ></Ammunition>
	
    <Ammunition sName="Uzi" sID="28" sPrice="10" sData="SubMachineGuns" bAddOrNot="true" ></Ammunition>
    <Ammunition sName="MP5" sID="29" sPrice="8" sData="SubMachineGuns" bAddOrNot="true" ></Ammunition>
    <Ammunition sName="TEC-9" sID="32" sPrice="10" sData="SubMachineGuns" bAddOrNot="true" ></Ammunition>
	
    <Ammunition sName="AK-47" sID="30" sPrice="26" sData="AssaultRifles" bAddOrNot="true" ></Ammunition>
    <Ammunition sName="M4" sID="31" sPrice="20" sData="AssaultRifles" bAddOrNot="true" ></Ammunition>
	
    <Ammunition sName="Rifle" sID="33" sPrice="35" sData="Rifles" bAddOrNot="true" ></Ammunition>
    <Ammunition sName="Sniper" sID="34" sPrice="36" sData="Rifles" bAddOrNot="true" ></Ammunition>
	
    <Ammunition sName="Grenade" sID="16" sPrice="25" sData="Projectiles" bAddOrNot="true" ></Ammunition>
    <Ammunition sName="Teargas" sID="17" sPrice="28" sData="Projectiles" bAddOrNot="true" ></Ammunition>
    <Ammunition sName="Molotov" sID="18" sPrice="300000" sData="Projectiles" bAddOrNot="true" ></Ammunition>
    <Ammunition sName="Satchel" sID="39" sPrice="31" sData="Projectiles" bAddOrNot="true" ></Ammunition>
	
    <Ammunition sName="Rocket Launcher" sID="35" sPrice="4000000" sData="HeavyWeapons" bAddOrNot="true" ></Ammunition>
    <Ammunition sName="Rocket Launcher HS" sID="36" sPrice="4500000" sData="HeavyWeapons" bAddOrNot="true" ></Ammunition>
    <Ammunition sName="Flamethrower" sID="37" sPrice="4000000" sData="HeavyWeapons" bAddOrNot="true" ></Ammunition>
    <Ammunition sName="Minigun" sID="38" sPrice="5000000" sData="HeavyWeapons" bAddOrNot="true" ></Ammunition>
</Ammunition>
