<acl>
    <group name="Default">
        <acl name="Default"></acl>
        <object name="user.*"></object>
    </group>
	
    <group name="Trial Administrator">
	</group>
	
    <group name="Game Administrator">
    </group>
	
    <group name="Lead Administrator">
	</group>
	
    <group name="Server Owner">
        <acl name="Server Owner"></acl>
    </group>
	
    <group name="Console">
        <acl name="Server Owner"></acl>
        <object name="user.Console"></object>
    </group>
	
    <acl name="Default">
	</acl>
	
    <acl name="Server Owner">
        <right name="command.crun" access="true"></right>
        <right name="command.refresh" access="true"></right>
        <right name="command.refreshall" access="true"></right>
        <right name="command.reloadacl" access="true"></right>
        <right name="command.reloadbans" access="true"></right>
        <right name="command.reloadall" access="true"></right>
        <right name="command.restart" access="true"></right>
        <right name="command.srun" access="true"></right>
        <right name="command.start" access="true"></right>
        <right name="command.stop" access="true"></right>
    </acl>
</acl>
