<meta><!-- Fully coded and programmed by Cannonball. -->	<info type="script" version="1.2" author="Cannonball" name="Usersystem"/>	<script src="cfg/cfg.lua" type="server" />	<script src="cfg/lang_en_s.lua" type="server" />	<script src="cfg/lang_en_c.lua" type="client" />	<script src="panel/panel_server.lua" type="server" />	<script src="panel/panel_client.lua" type="client" />		<script src="mod/mod_server.lua" type="server" />	<script src="mod/mod_client.lua" type="client" />		<file src="img/red_dot.png" />	<file src="img/blue_dot.png" /></meta>