<meta>
    <info type="script" name="C-Panel" author="Castillo" version="3.6.1" description="Admin panel" />
    <!-- Script files -->
	<script src="cpanelserver.lua" type="server" />
	<script src="cpanelclient.lua" type="client" />
	<script src="jail/jail_c.lua" type="client" />
	<script src="jail/jail_s.lua" type="server" />	
	<script src="colorpicker/colorpicker.lua" type="client" />	
	
	<!-- Images -->	
	<file src="images/info.png"/>	
	<file src="images/error.png"/>	
	<file src="images/empty.png"/>	
    <file src="images/dropdown.png" />	
	<file src="colorpicker/palette.png" />
	<file src="colorpicker/alpha.png" />		
	
	<!-- Config files -->	
	<config src="config/about.xml" type="client"/>
    <config src="config/reports.xml" type="server" />	
    <config src="config/weapons.xml" type="client" />
    <config src="config/vehicles.xml" type="client" />
    <config src="config/ACL.xml" type="server" />	
	
	<!-- Resource settings -->	
    <settings>
    <setting name="*report_cmd" value="rep" />
    <setting name="*report_bind" value="F2" />
    <setting name="*panel_bind" value="O" />
    <setting name="*panel_cmd" value="cpanel" />
    <setting name="*adminchat_bind" value="U" />
	<setting name="*max_resources" value="60" />
	<setting name="*max_bans" value="25" />
	<setting name="*jailX" value="228" />
	<setting name="*jailY" value="112" />
	<setting name="*jailZ" value="1000" />
	<setting name="*jailInt" value="10" />	
	<setting name="*bandurations" value="60,3600,43200,0"
	friendlyname="Ban durations"
	group="Durations"
	examples="60,360,0"
	desc="Duration options for the ban window. Comma seperated list in seconds. 0 means no duration limit."
	/>	
    </settings>
</meta>