<meta>

	<info
	author="M7mdAl7arthy"
	name="Ammunition"
	type="script"
	version="1.0.9"
	/>
	
	<script src="ClientAmmunition.luac" type="client" />
	<script src="WinAmmunition.lua" type="client" />
	<script src="ServerAmmunition.lua" type="server" />
	<script src="MapAmmunition.lua" type="server" />
	
	<script src="tooltips_client.lua" type="client" />
	
    <file src="images/header.png"/>
    <file src="images/exit.png"/>
    <file src="images/remove.png"/>
    <file src="images/buy.png"/>
    <file src="images/add.png"/>
    <file src="images/removeall.png"/>
    <file src="images/wrong.png"/>
    <file src="images/info.png"/>
	<file src="images/16.png"/>
	<file src="images/17.png"/>
	<file src="images/18.png"/>
	<file src="images/22.png"/>
	<file src="images/23.png"/>
	<file src="images/24.png"/>
	<file src="images/25.png"/>
	<file src="images/26.png"/>
	<file src="images/27.png"/>
	<file src="images/28.png"/>
	<file src="images/29.png"/>
    <file src="images/30.png"/>
	<file src="images/31.png"/>
	<file src="images/32.png"/>
	<file src="images/33.png"/>
	<file src="images/34.png"/>
	<file src="images/35.png"/>
	<file src="images/36.png"/>
	<file src="images/37.png"/>
	<file src="images/38.png"/>
	<file src="images/39.png"/>
	
	<file src="xml/Ammunition.xml"/>

	
    <file src="sprite.png"/>
	
	
	<file src="fonts/arial.ttf"/>
	
</meta>