<meta>
	<info author="Socialz" name="Basic Roleplay | Administration" type="script"></info>
	
	<!-- Scripts -->
	<script src="s_exports.lua" type="server"></script>
	
	<!-- Exported Functions -->
	<export function="isPlayerAdmin" type="client" />
	<export function="isPlayerAdmin" type="server" />
	
	<export function="isPlayerFullAdmin" type="client" />
	<export function="isPlayerFullAdmin" type="server" />
	
	<export function="isPlayerLeadAdmin" type="client" />
	<export function="isPlayerLeadAdmin" type="server" />
	
	<export function="isPlayerHeadAdmin" type="client" />
	<export function="isPlayerHeadAdmin" type="server" />
	
	<export function="getAdminLevel" type="client" />
	<export function="getAdminLevel" type="server" />
	
	<export function="isLoggedIn" type="client" />
	<export function="isLoggedIn" type="server" />
	
	<export function="getIDVehicle" type="client" />
	<export function="getIDVehicle" type="server" />
	
	<export function="isElementInRangeOfPoint" type="client" />
	<export function="isElementInRangeOfPoint" type="server" />
	
	<export function="findPlayer" type="client" />
	<export function="findPlayer" type="server" />
	
	<export function="isVehicleEmpty" type="client" />
	<export function="isVehicleEmpty" type="server" />
	
	<export function="getPlayerFaction" type="client" />
	<export function="getPlayerFaction" type="server" />
	
	<export function="isPlayerInFaction" type="client" />
	<export function="isPlayerInFaction" type="server" />
	
	<export function="isPlayerFactionLeader" type="client" />
	<export function="isPlayerFactionLeader" type="server" />
	
	<export function="getVehicleFaction" type="client" />
	<export function="getVehicleFaction" type="server" />
	
	<export function="isVehicleInFaction" type="client" />
	<export function="isVehicleInFaction" type="server" />
	
	<export function="doesPlayerOwnVehicle" type="client" />
	<export function="doesPlayerOwnVehicle" type="server" />
	
	<export function="isDepartmentRadioAllowed" type="client" />
	<export function="isDepartmentRadioAllowed" type="server" />
	
	<export function="getFactionType" type="client" />
	<export function="getFactionType" type="server" />
</meta>